ITE001001,ABC001001,H,B,F,
ITE001002,DBC001002,H,C,L,I
ITE001002,ABC001002,H,C,L,I
ITE001003,ABC001003,L,G,D,J
ITE001004,ABC001004,L,B,M,H
ITE001005,ABC001005,J,E,L,
ITE001006,ABC001006,A,D,,
ITE001007,ABC001007,C,I,C,
ITE001008,ABC001008,I,N,J,J
ITE001009,ABC001009,H,N,A,
ITE001010,ABC001010,C,G,,L
ITE001011,ABC001011,B,A,I,N
ITE001012,ABC001012,N,L,C,I
ITE001013,ABC001013,N,J,D,
ITE001014,ABC001014,D,I,N,
ITE001015,ABC001015,L,N,F,
ITE001016,ABC001016,E,H,N,
ITE001017,ABC001017,I,H,B,N
ITE001018,ABC001018,M,B,D,G
ITE001019,ABC001019,H,F,F,
ITE001008,DBC001008,I,N,J,J
ITE001020,ABC001020,G,L,L,L
ITE001021,ABC001021,N,M,A,G
ITE001022,ABC001022,H,I,I,H
ITE001023,ABC001023,L,F,E,N
ITE001024,ABC001024,A,M,G,
ITE001025,ABC001025,H,C,,L
ITE001026,ABC001026,M,A,N,H
ITE001027,ABC001027,M,I,F,
ITE001028,ABC001028,J,L,H,M
ITE001029,ABC001029,L,J,L,I
ITE001030,ABC001030,J,F,M,
ITE001031,ABC001031,C,C,J,
ITE001032,ABC001032,M,B,L,
ITE001033,ABC001033,N,I,D,J
ITE001034,ABC001034,G,H,E,J
ITE001035,ABC001035,L,L,H,
ITE001036,ABC001036,J,C,N,
ITE001037,ABC001037,C,D,M,G
ITE001038,ABC001038,J,M,D,H
ITE001039,ABC001039,F,I,J,M
ITE001040,ABC001040,I,M,I,H
ITE001041,ABC001041,E,B,D,
ITE001042,ABC001042,F,F,N,I
ITE001036,DBC001036,J,C,N,
ITE001043,ABC001043,A,I,H,L
ITE001044,ABC001044,G,D,H,H
ITE001045,ABC001045,B,M,L,
ITE001046,ABC001046,C,N,G,
ITE001047,ABC001047,H,J,E,G
ITE001048,ABC001048,J,F,G,
ITE001049,ABC001049,H,E,,
ITE001018,DBC001018,M,B,D,G
ITE001050,ABC001050,E,M,G,L
ITE001002,DDC001002,H,C,L,N
ITE001051,ABC001051,H,M,J,
ITE001052,ABC001052,H,B,B,N
ITE001053,ABC001053,I,B,N,J
ITE001054,ABC001054,L,H,,
ITE001055,ABC001055,J,E,J,
ITE001056,ABC001056,D,G,E,
ITE001057,ABC001057,D,E,I,
ITE001058,ABC001058,M,D,I,
ITE001059,ABC001059,N,N,,
ITE001060,ABC001060,M,C,L,G
ITE001061,ABC001061,C,L,F,H
ITE001062,ABC001062,J,G,H,N
ITE001063,ABC001063,F,G,E,
ITE001064,ABC001064,E,F,G,
ITE001065,ABC001065,F,I,I,I
ITE001066,ABC001066,N,B,F,L
ITE001067,ABC001067,C,M,D,G
ITE001068,ABC001068,I,G,L,I
ITE001069,ABC001069,M,D,M,
ITE001070,ABC001070,M,I,B,M
ITE001071,ABC001071,D,J,H,H
ITE001072,ABC001072,F,J,,
ITE001073,ABC001073,M,M,E,N
ITE001074,ABC001074,M,H,E,M
ITE001075,ABC001075,B,B,M,J
ITE001076,ABC001076,J,B,J,N
ITE001077,ABC001077,H,H,N,L
ITE001078,ABC001078,E,N,H,N
ITE001079,ABC001079,B,G,B,
ITE001080,ABC001080,M,E,F,G
ITE001081,ABC001081,N,I,N,G
ITE001082,ABC001082,D,E,H,
ITE001083,ABC001083,A,C,J,J
ITE001084,ABC001084,A,B,M,M
ITE001085,ABC001085,F,D,G,H
ITE001086,ABC001086,G,L,D,N
ITE001087,ABC001087,N,B,C,H
ITE001088,ABC001088,M,I,L,I
ITE001089,ABC001089,F,N,G,
ITE001090,ABC001090,G,J,M,
ITE001091,ABC001091,A,H,J,
ITE001092,ABC001092,F,C,C,I
ITE001093,ABC001093,H,D,I,M
ITE001094,ABC001094,M,M,E,H
ITE001095,ABC001095,B,G,E,H
ITE001096,ABC001096,F,B,D,G
ITE001097,ABC001097,G,M,J,I
ITE001098,ABC001098,C,H,G,H
ITE001099,ABC001099,N,H,C,
ITE001100,ABC001100,I,J,B,
ITE001101,ABC001101,I,F,I,
ITE001102,ABC001102,N,G,D,H
ITE001103,ABC001103,A,G,H,
ITE001104,ABC001104,I,A,L,
ITE001105,ABC001105,J,M,L,N
ITE001106,ABC001106,C,B,B,G
ITE001107,ABC001107,A,H,B,I
ITE001108,ABC001108,G,H,F,
ITE001109,ABC001109,D,I,L,H
ITE001110,ABC001110,E,J,G,
ITE001111,ABC001111,G,H,D,
ITE001112,ABC001112,N,H,D,N
ITE001113,ABC001113,F,H,L,M
ITE001114,ABC001114,A,M,J,L
ITE001115,ABC001115,I,L,N,M
ITE001116,ABC001116,B,M,A,
ITE001117,ABC001117,I,E,J,N
ITE001118,ABC001118,G,G,E,
ITE001119,ABC001119,E,D,C,
ITE001120,ABC001120,H,B,C,
ITE001121,ABC001121,I,I,L,J
ITE001122,ABC001122,N,N,C,
ITE001123,ABC001123,G,N,J,M
ITE001124,ABC001124,M,N,J,
ITE001125,ABC001125,I,G,N,
ITE001126,ABC001126,D,I,I,J
ITE001127,ABC001127,E,C,M,G
ITE001128,ABC001128,A,B,C,I
ITE001129,ABC001129,N,N,D,G
ITE001130,ABC001130,L,I,I,N
ITE001131,ABC001131,M,D,A,G
ITE001132,ABC001132,B,I,B,
ITE001133,ABC001133,J,M,N,M
ITE001134,ABC001134,C,B,,
ITE001135,ABC001135,M,I,E,
ITE001136,ABC001136,A,M,F,L
ITE001137,ABC001137,H,C,A,
ITE001138,ABC001138,M,G,F,I
ITE001139,ABC001139,E,F,F,
ITE001140,ABC001140,E,I,A,J
ITE001141,ABC001141,D,L,,H
ITE001142,ABC001142,C,N,M,
ITE001143,ABC001143,I,B,D,G
ITE001144,ABC001144,E,C,C,I
ITE001145,ABC001145,J,I,J,H
ITE001146,ABC001146,A,D,B,
ITE001147,ABC001147,N,J,M,
ITE001148,ABC001148,G,B,J,
ITE001149,ABC001149,B,M,I,
ITE001150,ABC001150,E,D,J,
ITE001151,ABC001151,D,N,,M
ITE001152,ABC001152,F,A,I,N
ITE001153,ABC001153,D,D,B,J
ITE001154,ABC001154,I,H,I,
ITE001155,ABC001155,A,E,F,N
ITE001156,ABC001156,N,J,C,
ITE001157,ABC001157,J,I,F,G
ITE001158,ABC001158,L,N,N,J
ITE001159,ABC001159,M,D,F,
ITE001160,ABC001160,H,B,B,
ITE001161,ABC001161,G,I,C,G
ITE001162,ABC001162,J,N,M,
ITE001163,ABC001163,H,D,L,I
ITE001164,ABC001164,G,N,I,N
ITE001165,ABC001165,I,F,F,
ITE001166,ABC001166,I,G,N,
ITE001167,ABC001167,F,L,N,
ITE001168,ABC001168,N,B,E,M
ITE001169,ABC001169,B,M,,G
ITE001170,ABC001170,C,N,L,N
ITE001171,ABC001171,I,G,F,J
ITE001172,ABC001172,M,M,E,
ITE001173,ABC001173,B,H,F,
ITE001174,ABC001174,A,L,C,H
ITE001175,ABC001175,F,M,M,N
ITE001176,ABC001176,J,G,J,
ITE001177,ABC001177,G,G,M,
ITE001178,ABC001178,D,H,M,G
ITE001179,ABC001179,G,M,J,
ITE001180,ABC001180,J,N,J,M
ITE001181,ABC001181,I,M,D,G
ITE001182,ABC001182,D,I,G,M
ITE001183,ABC001183,J,H,C,
ITE001184,ABC001184,C,I,C,H
ITE001185,ABC001185,I,C,H,I
ITE001186,ABC001186,E,E,J,I
ITE001187,ABC001187,B,M,A,L
ITE001188,ABC001188,E,H,E,M
ITE001189,ABC001189,N,L,L,
ITE001190,ABC001190,D,L,D,L
ITE001191,ABC001191,C,I,F,I
ITE001192,ABC001192,N,E,C,
ITE001193,ABC001193,I,N,E,L
ITE001194,ABC001194,C,N,N,
ITE001195,ABC001195,G,N,N,I
ITE001196,ABC001196,H,E,I,
ITE001197,ABC001197,F,L,E,H
ITE001198,ABC001198,L,M,L,N
ITE001199,ABC001199,N,I,H,J
ITE001200,ABC001200,M,B,L,
ITE001201,ABC001201,H,C,M,L
ITE001202,ABC001202,J,M,N,
ITE001203,ABC001203,C,B,N,
ITE001204,ABC001204,I,L,F,H
ITE001205,ABC001205,H,H,N,
ITE001206,ABC001206,N,B,I,L
ITE001207,ABC001207,C,A,E,
ITE001208,ABC001208,N,A,M,
ITE001209,ABC001209,D,F,F,L
ITE001210,ABC001210,E,C,I,
ITE001211,ABC001211,B,F,E,H
ITE001212,ABC001212,J,M,A,G
ITE001213,ABC001213,L,H,E,
ITE001214,ABC001214,C,G,E,
ITE001215,ABC001215,A,D,H,
ITE001216,ABC001216,A,N,M,
ITE001217,ABC001217,A,F,C,N
ITE001218,ABC001218,H,F,D,I
ITE001219,ABC001219,A,L,H,H
ITE001220,ABC001220,E,N,J,M
ITE001221,ABC001221,C,M,E,J
ITE001222,ABC001222,M,A,B,
ITE001223,ABC001223,H,G,D,N
ITE001224,ABC001224,L,E,J,G
ITE001225,ABC001225,G,F,D,
ITE001226,ABC001226,I,G,H,
ITE001227,ABC001227,C,N,G,M
ITE001228,ABC001228,A,A,,H
ITE001229,ABC001229,B,A,C,N
ITE001230,ABC001230,D,F,C,L
ITE001231,ABC001231,J,G,J,I
ITE001232,ABC001232,J,I,N,
ITE001233,ABC001233,C,F,I,
ITE001234,ABC001234,F,I,E,
ITE001235,ABC001235,D,M,B,H
ITE001236,ABC001236,N,N,E,
ITE001237,ABC001237,J,B,J,
ITE001238,ABC001238,G,G,A,G
ITE001239,ABC001239,C,L,B,
ITE001240,ABC001240,M,B,J,
ITE001241,ABC001241,G,N,I,I
ITE001242,ABC001242,J,N,,L
ITE001243,ABC001243,N,D,A,
ITE001244,ABC001244,G,A,D,L
ITE001245,ABC001245,H,F,M,
ITE001246,ABC001246,L,L,A,
ITE001247,ABC001247,C,J,D,
ITE001248,ABC001248,L,L,L,I
ITE001249,ABC001249,J,F,A,
ITE001250,ABC001250,J,D,L,I
ITE001251,ABC001251,E,M,G,L
ITE001252,ABC001252,F,D,D,M
ITE001253,ABC001253,J,J,C,N
ITE001254,ABC001254,E,H,J,H
ITE001255,ABC001255,L,I,M,
ITE001256,ABC001256,B,F,E,
ITE001257,ABC001257,H,D,M,M
ITE001258,ABC001258,L,E,H,J
ITE001259,ABC001259,I,A,E,L
ITE001260,ABC001260,I,E,H,
ITE001261,ABC001261,I,I,I,J
ITE001262,ABC001262,D,G,F,I
ITE001263,ABC001263,L,H,H,N
ITE001264,ABC001264,J,G,A,I
ITE001265,ABC001265,D,A,F,
ITE001266,ABC001266,F,J,D,
ITE001267,ABC001267,L,D,G,
ITE001268,ABC001268,D,L,M,
ITE001269,ABC001269,G,I,I,I
ITE001270,ABC001270,D,H,F,M
ITE001271,ABC001271,L,H,H,
ITE001272,ABC001272,A,H,G,N
ITE001273,ABC001273,E,B,E,J
ITE001274,ABC001274,I,E,E,
ITE001275,ABC001275,F,E,N,
ITE001276,ABC001276,M,N,F,J
ITE001277,ABC001277,N,B,N,
ITE001278,ABC001278,A,J,,
ITE001279,ABC001279,G,C,B,L
ITE001280,ABC001280,C,N,D,
ITE001281,ABC001281,A,G,J,
ITE001282,ABC001282,A,M,,I
ITE001283,ABC001283,M,D,D,H
ITE001284,ABC001284,I,C,B,J
ITE001285,ABC001285,C,J,G,
ITE001286,ABC001286,M,G,G,
ITE001287,ABC001287,G,N,G,
ITE001288,ABC001288,B,M,E,
ITE001289,ABC001289,H,L,J,I
ITE001290,ABC001290,I,C,C,J
ITE001291,ABC001291,A,J,J,
ITE001292,ABC001292,D,A,C,
ITE001293,ABC001293,I,B,N,
ITE001294,ABC001294,H,I,I,L
ITE001295,ABC001295,E,L,J,
ITE001296,ABC001296,C,B,E,
ITE001297,ABC001297,C,A,D,
ITE001298,ABC001298,I,L,,
ITE001299,ABC001299,I,N,E,I
ITE001300,ABC001300,B,E,,
ITE001301,ABC001301,B,M,M,G
ITE001302,ABC001302,A,L,J,G
ITE001303,ABC001303,A,E,H,M
ITE001304,ABC001304,D,H,E,I
ITE001305,ABC001305,G,L,B,
ITE001306,ABC001306,G,C,C,
ITE001307,ABC001307,F,D,E,
ITE001308,ABC001308,I,M,N,M
ITE001309,ABC001309,D,G,F,I
ITE001310,ABC001310,F,A,I,L
ITE001311,ABC001311,I,N,E,I
ITE001312,ABC001312,G,N,G,L
ITE001313,ABC001313,A,M,I,N
ITE001314,ABC001314,H,A,I,N
ITE001315,ABC001315,I,A,N,J
ITE001316,ABC001316,E,J,N,L
ITE001317,ABC001317,M,D,B,
ITE001318,ABC001318,D,F,A,J
ITE001319,ABC001319,A,I,G,N
ITE001320,ABC001320,C,F,M,G
ITE001321,ABC001321,A,E,M,I
ITE001322,ABC001322,G,N,A,G
ITE001323,ABC001323,J,J,H,H
ITE001324,ABC001324,C,F,A,
ITE001325,ABC001325,E,H,I,
ITE001326,ABC001326,J,D,L,M
ITE001327,ABC001327,H,L,G,M
ITE001328,ABC001328,I,G,J,
ITE001329,ABC001329,D,I,F,L
ITE001330,ABC001330,N,G,B,
ITE001331,ABC001331,H,G,D,
ITE001332,ABC001332,H,N,F,
ITE001333,ABC001333,L,N,B,M
ITE001334,ABC001334,C,E,C,N
ITE001335,ABC001335,B,J,N,H
ITE001336,ABC001336,N,C,N,
ITE001337,ABC001337,A,D,A,
ITE001338,ABC001338,D,C,I,L
ITE001339,ABC001339,D,H,D,M
ITE001340,ABC001340,E,B,J,
ITE001341,ABC001341,E,N,C,L
ITE001342,ABC001342,E,J,D,I
ITE001343,ABC001343,M,J,C,M
ITE001344,ABC001344,I,J,L,H
ITE001345,ABC001345,I,G,,I
ITE001346,ABC001346,D,I,L,H
ITE001347,ABC001347,E,H,L,
ITE001348,ABC001348,B,F,B,
ITE001349,ABC001349,J,C,N,
ITE001350,ABC001350,D,A,L,
ITE001351,ABC001351,C,A,G,M
ITE001352,ABC001352,H,M,G,L
ITE001353,ABC001353,D,H,F,M
ITE001354,ABC001354,C,E,D,H
ITE001355,ABC001355,E,E,,
ITE001356,ABC001356,A,D,I,M
ITE001357,ABC001357,F,L,A,
ITE001358,ABC001358,B,L,L,H
ITE001359,ABC001359,J,L,F,L
ITE001360,ABC001360,G,D,H,
ITE001361,ABC001361,N,L,F,I
ITE001362,ABC001362,B,B,C,J
ITE001363,ABC001363,H,I,D,J
ITE001364,ABC001364,I,M,B,
ITE001365,ABC001365,B,J,G,I
ITE001366,ABC001366,B,M,J,
ITE001367,ABC001367,G,M,,H
ITE001368,ABC001368,D,G,A,H
ITE001369,ABC001369,G,D,I,
ITE001370,ABC001370,N,I,,
ITE001371,ABC001371,F,D,L,
ITE001372,ABC001372,C,A,H,J
ITE001373,ABC001373,H,C,M,H
ITE001374,ABC001374,C,A,M,J
ITE001375,ABC001375,D,I,J,
ITE001376,ABC001376,B,G,G,
ITE001377,ABC001377,J,I,G,G
ITE001378,ABC001378,H,L,A,L
ITE001379,ABC001379,D,J,N,
ITE001380,ABC001380,I,N,C,
ITE001381,ABC001381,A,J,L,J
ITE001382,ABC001382,M,A,,N
ITE001383,ABC001383,M,C,G,N
ITE001384,ABC001384,E,F,B,G
ITE001385,ABC001385,J,F,A,
ITE001386,ABC001386,E,M,J,N
ITE001387,ABC001387,M,F,N,H
ITE001388,ABC001388,A,D,F,G
ITE001389,ABC001389,C,A,B,I
ITE001390,ABC001390,C,L,C,L
ITE001391,ABC001391,M,B,E,
ITE001392,ABC001392,B,A,N,I
ITE001393,ABC001393,B,B,,
ITE001394,ABC001394,B,A,G,H
ITE001395,ABC001395,J,M,C,G
ITE001396,ABC001396,E,M,A,M
ITE001397,ABC001397,E,C,,
ITE001398,ABC001398,J,C,L,I
ITE001399,ABC001399,L,L,G,
ITE001400,ABC001400,G,C,,
ITE001401,ABC001401,C,B,A,N
ITE001402,ABC001402,E,A,N,N
ITE001403,ABC001403,M,M,D,N
ITE001404,ABC001404,G,F,M,
ITE001405,ABC001405,F,B,M,M
ITE001406,ABC001406,D,H,I,N
ITE001407,ABC001407,B,E,G,G
ITE001408,ABC001408,G,I,,
ITE001409,ABC001409,H,M,B,
ITE001410,ABC001410,G,E,C,N
ITE001411,ABC001411,N,H,G,M
ITE001412,ABC001412,D,A,,N
ITE001413,ABC001413,G,M,B,H
ITE001414,ABC001414,G,B,I,
ITE001415,ABC001415,B,G,A,J
ITE001416,ABC001416,H,A,G,M
ITE001417,ABC001417,C,D,L,N
ITE001418,ABC001418,M,C,B,N
ITE001419,ABC001419,M,H,E,M
ITE001420,ABC001420,H,H,N,J
ITE001421,ABC001421,J,N,G,I
ITE001422,ABC001422,A,H,F,
ITE001423,ABC001423,B,I,B,H
ITE001424,ABC001424,A,C,F,
ITE001425,ABC001425,B,C,E,
ITE001426,ABC001426,C,A,D,
ITE001427,ABC001427,D,A,E,J
ITE001428,ABC001428,M,A,,
ITE001429,ABC001429,L,G,F,I
ITE001430,ABC001430,N,F,H,
ITE001431,ABC001431,I,L,L,G
ITE001432,ABC001432,F,N,F,N
ITE001433,ABC001433,J,C,F,
ITE001434,ABC001434,G,G,B,H
ITE001435,ABC001435,J,D,F,L
ITE001436,ABC001436,J,C,L,
ITE001437,ABC001437,I,H,N,
ITE001438,ABC001438,F,L,,J
ITE001439,ABC001439,J,C,F,
ITE001440,ABC001440,G,J,J,I
ITE001441,ABC001441,C,J,B,N
ITE001442,ABC001442,A,G,N,
ITE001443,ABC001443,M,A,G,
ITE001444,ABC001444,E,A,M,
ITE001445,ABC001445,G,C,B,
ITE001446,ABC001446,J,H,G,H
ITE001447,ABC001447,G,G,E,M
ITE001448,ABC001448,C,G,H,H
ITE001449,ABC001449,E,B,M,
ITE001450,ABC001450,N,I,M,
ITE001451,ABC001451,D,N,J,
ITE001452,ABC001452,I,C,,H
ITE001453,ABC001453,G,H,B,J
ITE001454,ABC001454,A,N,I,
ITE001455,ABC001455,E,I,I,
ITE001456,ABC001456,A,J,I,L
ITE001457,ABC001457,E,G,M,
ITE001458,ABC001458,F,H,B,H
ITE001459,ABC001459,E,C,A,
ITE001460,ABC001460,F,C,C,L
ITE001461,ABC001461,E,L,I,
ITE001462,ABC001462,M,E,F,
ITE001463,ABC001463,L,E,N,L
ITE001464,ABC001464,J,H,F,I
ITE001465,ABC001465,E,E,F,
ITE001466,ABC001466,N,A,N,
ITE001467,ABC001467,D,C,I,G
ITE001468,ABC001468,N,C,I,
ITE001469,ABC001469,I,H,N,M
ITE001470,ABC001470,L,E,H,N
ITE001471,ABC001471,B,L,G,
ITE001472,ABC001472,I,F,G,M
ITE001473,ABC001473,L,I,E,
ITE001474,ABC001474,M,M,H,
ITE001475,ABC001475,N,D,E,J
ITE001476,ABC001476,J,I,G,
ITE001477,ABC001477,G,F,F,L
ITE001478,ABC001478,N,E,H,
ITE001479,ABC001479,B,D,B,
ITE001480,ABC001480,N,F,I,
ITE001481,ABC001481,M,E,A,N
ITE001482,ABC001482,D,N,D,M
ITE001483,ABC001483,L,E,I,H
ITE001484,ABC001484,A,L,B,
ITE001485,ABC001485,N,N,L,N
ITE001486,ABC001486,C,D,I,
ITE001487,ABC001487,I,N,A,
ITE001488,ABC001488,I,C,D,
ITE001489,ABC001489,J,E,L,H
ITE001490,ABC001490,G,L,,
ITE001491,ABC001491,G,N,G,G
ITE001492,ABC001492,B,I,,
ITE001493,ABC001493,M,C,G,H
ITE001494,ABC001494,G,F,H,J
ITE001495,ABC001495,I,F,F,J
ITE001496,ABC001496,H,A,D,H
ITE001497,ABC001497,M,F,,L
ITE001498,ABC001498,B,B,M,M
ITE001499,ABC001499,J,E,F,
ITE001500,ABC001500,F,L,B,I
ITE001501,ABC001501,E,A,J,
ITE001502,ABC001502,I,H,G,
ITE001503,ABC001503,D,N,C,H
ITE001504,ABC001504,G,M,F,
ITE001505,ABC001505,M,L,L,I
ITE001506,ABC001506,N,J,M,
ITE001507,ABC001507,D,C,G,
ITE001508,ABC001508,D,H,M,
ITE001509,ABC001509,M,N,B,M
ITE001510,ABC001510,M,E,H,M
ITE001511,ABC001511,L,L,M,I
ITE001512,ABC001512,M,D,J,
ITE001513,ABC001513,E,H,I,M
ITE001514,ABC001514,I,L,B,N
ITE001515,ABC001515,G,C,D,L
ITE001516,ABC001516,M,N,F,
ITE001517,ABC001517,N,C,M,L
ITE001518,ABC001518,E,E,D,J
ITE001519,ABC001519,L,G,N,
ITE001520,ABC001520,L,M,A,
ITE001521,ABC001521,H,F,H,J
ITE001522,ABC001522,M,G,C,
ITE001523,ABC001523,I,D,H,
ITE001524,ABC001524,D,A,G,G
ITE001525,ABC001525,H,B,B,I
ITE001526,ABC001526,D,H,H,
ITE001527,ABC001527,H,E,C,
ITE001528,ABC001528,B,J,H,
ITE001529,ABC001529,C,L,B,
ITE001530,ABC001530,N,G,F,L
ITE001531,ABC001531,C,D,E,J
ITE001532,ABC001532,J,F,D,G
ITE001533,ABC001533,M,M,H,
ITE001534,ABC001534,H,N,H,
ITE001535,ABC001535,N,H,L,H
ITE001536,ABC001536,I,D,F,
ITE001537,ABC001537,G,N,N,
ITE001538,ABC001538,G,L,N,H
ITE001539,ABC001539,B,A,,
ITE001540,ABC001540,I,G,L,
ITE001541,ABC001541,G,E,,
ITE001542,ABC001542,B,G,C,
ITE001543,ABC001543,N,C,H,N
ITE001544,ABC001544,H,H,N,
ITE001545,ABC001545,G,B,J,L
ITE001546,ABC001546,J,I,J,
ITE001547,ABC001547,E,B,C,
ITE001548,ABC001548,M,E,F,G
ITE001549,ABC001549,M,I,I,J
ITE001550,ABC001550,L,B,F,
ITE001551,ABC001551,D,N,B,H
ITE001552,ABC001552,I,J,F,M
ITE001553,ABC001553,I,I,N,
ITE001554,ABC001554,C,J,H,N
ITE001555,ABC001555,G,I,G,
ITE001556,ABC001556,L,A,,
ITE001557,ABC001557,G,N,L,
ITE001558,ABC001558,L,F,F,
ITE001559,ABC001559,B,F,G,J
ITE001560,ABC001560,N,D,L,L
ITE001561,ABC001561,C,J,,
ITE001562,ABC001562,E,C,F,M
ITE001563,ABC001563,N,J,H,M
ITE001564,ABC001564,B,G,G,J
ITE001565,ABC001565,L,E,M,H
ITE001566,ABC001566,J,H,E,H
ITE001567,ABC001567,G,J,H,
ITE001568,ABC001568,C,H,M,
ITE001569,ABC001569,B,L,H,
ITE001570,ABC001570,A,I,H,
ITE001571,ABC001571,G,G,M,
ITE001572,ABC001572,C,N,H,
ITE001573,ABC001573,F,B,,L
ITE001574,ABC001574,M,G,F,J
ITE001575,ABC001575,D,M,A,
ITE001576,ABC001576,J,J,L,
ITE001577,ABC001577,F,I,C,H
ITE001578,ABC001578,I,D,E,
ITE001579,ABC001579,E,L,J,
ITE001580,ABC001580,D,F,,L
ITE001581,ABC001581,D,H,N,
ITE001582,ABC001582,L,M,F,
ITE001583,ABC001583,D,M,N,
ITE001584,ABC001584,B,B,C,
ITE001585,ABC001585,L,C,A,M
ITE001586,ABC001586,I,L,C,
ITE001587,ABC001587,B,M,L,G
ITE001588,ABC001588,L,A,G,L
ITE001589,ABC001589,M,D,D,N
ITE001590,ABC001590,E,M,C,G
ITE001591,ABC001591,J,D,C,J
ITE001592,ABC001592,M,M,B,N
ITE001593,ABC001593,J,L,I,J
ITE001594,ABC001594,A,A,H,
ITE001595,ABC001595,D,J,A,
ITE001596,ABC001596,N,C,M,H
ITE001597,ABC001597,F,N,J,M
ITE001598,ABC001598,E,L,D,
ITE001599,ABC001599,G,N,D,H
ITE001600,ABC001600,D,C,G,I
ITE001601,ABC001601,B,E,B,
ITE001602,ABC001602,M,G,N,
ITE001603,ABC001603,I,D,,
ITE001604,ABC001604,L,H,A,
ITE001605,ABC001605,G,C,B,H
ITE001606,ABC001606,A,N,M,H
ITE001607,ABC001607,N,N,M,I
ITE001608,ABC001608,A,N,M,I
ITE001609,ABC001609,J,N,A,H
ITE001610,ABC001610,A,L,A,
ITE001611,ABC001611,E,N,H,
ITE001612,ABC001612,B,N,A,G
ITE001613,ABC001613,L,G,E,M
ITE001614,ABC001614,N,D,N,
ITE001615,ABC001615,L,E,C,
ITE001616,ABC001616,D,D,A,
ITE001617,ABC001617,F,G,C,
ITE001618,ABC001618,B,J,G,J
ITE001619,ABC001619,C,I,,
ITE001620,ABC001620,G,C,A,
ITE001621,ABC001621,J,F,N,
ITE001622,ABC001622,B,M,A,G
ITE001623,ABC001623,J,F,G,H
ITE001624,ABC001624,C,D,J,
ITE001625,ABC001625,B,H,F,
ITE001626,ABC001626,H,D,F,
ITE001627,ABC001627,G,E,B,H
ITE001628,ABC001628,D,M,N,L
ITE001629,ABC001629,A,J,H,I
ITE001630,ABC001630,E,J,I,I
ITE001631,ABC001631,N,B,I,J
ITE001632,ABC001632,N,M,H,
ITE001633,ABC001633,N,E,I,H
ITE001634,ABC001634,B,B,N,H
ITE001635,ABC001635,F,F,M,
ITE001636,ABC001636,F,J,M,J
ITE001637,ABC001637,L,I,B,I
ITE001638,ABC001638,G,G,J,
ITE001639,ABC001639,H,H,N,
ITE001640,ABC001640,J,L,I,M
ITE001641,ABC001641,H,I,H,
ITE001642,ABC001642,C,A,B,
ITE001643,ABC001643,J,B,M,L
ITE001644,ABC001644,H,N,I,H
ITE001645,ABC001645,B,H,D,
ITE001646,ABC001646,M,A,N,
ITE001647,ABC001647,A,M,M,
ITE001648,ABC001648,C,C,J,J
ITE001649,ABC001649,C,E,,
ITE001650,ABC001650,A,F,,
ITE001651,ABC001651,N,J,M,M
ITE001652,ABC001652,C,N,F,
ITE001653,ABC001653,J,C,J,
ITE001654,ABC001654,C,H,L,G
ITE001655,ABC001655,N,A,J,
ITE001656,ABC001656,E,J,A,
ITE001657,ABC001657,D,C,D,
ITE001658,ABC001658,B,G,B,
ITE001659,ABC001659,C,D,D,
ITE001660,ABC001660,A,E,D,
ITE001661,ABC001661,G,F,N,
ITE001662,ABC001662,I,J,H,N
ITE001663,ABC001663,N,A,A,L
ITE001664,ABC001664,F,G,,
ITE001665,ABC001665,A,L,H,G
ITE001666,ABC001666,H,I,J,G
ITE001667,ABC001667,B,L,M,
ITE001668,ABC001668,E,M,J,
ITE001669,ABC001669,I,D,G,
ITE001670,ABC001670,F,C,H,
ITE001671,ABC001671,F,L,E,
ITE001672,ABC001672,M,I,,
ITE001673,ABC001673,H,A,L,H
ITE001674,ABC001674,A,E,L,J
ITE001675,ABC001675,I,N,H,J
ITE001676,ABC001676,J,E,E,G
ITE001677,ABC001677,E,F,L,
ITE001678,ABC001678,N,A,C,
ITE001679,ABC001679,H,N,N,I
ITE001680,ABC001680,A,H,D,
ITE001681,ABC001681,A,M,,L
ITE001682,ABC001682,J,B,D,
ITE001683,ABC001683,G,A,D,I
ITE001684,ABC001684,G,H,H,M
ITE001685,ABC001685,E,N,D,
ITE001686,ABC001686,J,M,D,
ITE001687,ABC001687,M,I,L,N
ITE001688,ABC001688,E,G,A,I
ITE001689,ABC001689,E,C,H,H
ITE001690,ABC001690,F,B,D,G
ITE001691,ABC001691,L,J,J,G
ITE001692,ABC001692,G,I,N,J
ITE001693,ABC001693,L,D,C,
ITE001694,ABC001694,D,E,C,J
ITE001695,ABC001695,E,F,,I
ITE001696,ABC001696,H,H,F,L
ITE001697,ABC001697,M,F,,L
ITE001698,ABC001698,B,B,H,L
ITE001699,ABC001699,M,E,D,
ITE001700,ABC001700,F,N,F,
ITE001701,ABC001701,L,A,B,
ITE001702,ABC001702,C,J,F,
ITE001703,ABC001703,I,B,D,N
ITE001704,ABC001704,N,A,H,G
ITE001705,ABC001705,I,E,D,G
ITE001706,ABC001706,D,E,E,J
ITE001707,ABC001707,I,N,N,N
ITE001708,ABC001708,N,F,G,
ITE001709,ABC001709,F,H,I,N
ITE001710,ABC001710,G,F,J,I
ITE001711,ABC001711,E,E,I,J
ITE001712,ABC001712,M,B,J,
ITE001713,ABC001713,D,H,J,
ITE001714,ABC001714,A,D,G,
ITE001715,ABC001715,G,L,F,H
ITE001716,ABC001716,F,I,,H
ITE001717,ABC001717,M,J,N,L
ITE001718,ABC001718,N,G,H,I
ITE001719,ABC001719,J,C,N,
ITE001720,ABC001720,M,J,C,
ITE001721,ABC001721,F,E,G,
ITE001722,ABC001722,A,L,D,M
ITE001723,ABC001723,D,F,C,
ITE001724,ABC001724,E,J,D,
ITE001725,ABC001725,I,N,M,
ITE001726,ABC001726,H,F,G,
ITE001727,ABC001727,F,N,,
ITE001728,ABC001728,G,H,C,J
ITE001729,ABC001729,M,H,M,J
ITE001730,ABC001730,F,L,F,L
ITE001731,ABC001731,N,A,D,
ITE001732,ABC001732,F,I,B,
ITE001733,ABC001733,E,D,M,G
ITE001734,ABC001734,I,F,M,J
ITE001735,ABC001735,J,G,F,
ITE001736,ABC001736,C,J,D,
ITE001737,ABC001737,L,F,A,
ITE001738,ABC001738,F,J,J,
ITE001739,ABC001739,F,N,J,
ITE001740,ABC001740,B,J,L,
ITE001741,ABC001741,C,G,,L
ITE001742,ABC001742,L,F,N,
ITE001743,ABC001743,E,M,B,
ITE001744,ABC001744,B,C,E,I
ITE001745,ABC001745,F,G,J,H
ITE001746,ABC001746,E,E,F,N
ITE001747,ABC001747,M,L,L,G
ITE001748,ABC001748,G,N,L,L
ITE001749,ABC001749,N,D,E,
ITE001750,ABC001750,A,A,G,J
ITE001751,ABC001751,E,J,G,I
ITE001752,ABC001752,C,B,G,
ITE001753,ABC001753,J,C,E,
ITE001754,ABC001754,A,D,D,G
ITE001755,ABC001755,J,A,B,
ITE001756,ABC001756,L,A,G,G
ITE001757,ABC001757,B,I,,
ITE001758,ABC001758,I,F,H,H
ITE001759,ABC001759,J,H,M,N
ITE001760,ABC001760,C,C,N,J
ITE001761,ABC001761,M,A,C,
ITE001762,ABC001762,C,C,,
ITE001763,ABC001763,N,B,,H
ITE001764,ABC001764,I,A,F,
ITE001765,ABC001765,N,F,D,H
ITE001766,ABC001766,M,E,L,M
ITE001767,ABC001767,B,B,C,I
ITE001768,ABC001768,F,D,B,
ITE001769,ABC001769,J,L,M,
ITE001770,ABC001770,C,H,J,H
ITE001771,ABC001771,M,C,C,
ITE001772,ABC001772,J,A,F,
ITE001773,ABC001773,L,C,G,G
ITE001774,ABC001774,B,I,A,L
ITE001775,ABC001775,N,N,I,M
ITE001776,ABC001776,A,M,,
ITE001777,ABC001777,E,F,J,
ITE001778,ABC001778,A,E,I,
ITE001779,ABC001779,C,C,B,
ITE001780,ABC001780,F,L,C,
ITE001781,ABC001781,A,E,F,M
ITE001782,ABC001782,B,J,J,
ITE001783,ABC001783,E,N,F,
ITE001784,ABC001784,J,A,,
ITE001785,ABC001785,J,M,C,J
ITE001786,ABC001786,D,C,C,J
ITE001787,ABC001787,J,L,B,
ITE001788,ABC001788,F,N,D,H
ITE001789,ABC001789,D,J,,M
ITE001790,ABC001790,F,A,F,
ITE001791,ABC001791,G,I,H,
ITE001792,ABC001792,G,H,J,
ITE001793,ABC001793,E,N,J,G
ITE001794,ABC001794,D,I,E,L
ITE001795,ABC001795,F,N,N,N
ITE001796,ABC001796,M,H,I,I
ITE001797,ABC001797,H,J,L,
ITE001798,ABC001798,F,B,J,
ITE001799,ABC001799,J,G,B,
ITE001800,ABC001800,F,C,F,G
ITE001801,ABC001801,L,A,A,
ITE001802,ABC001802,A,C,,G
ITE001803,ABC001803,H,H,N,
ITE001804,ABC001804,A,G,L,
ITE001805,ABC001805,G,D,F,H
ITE001806,ABC001806,C,L,E,
ITE001807,ABC001807,D,H,B,
ITE001808,ABC001808,G,I,I,
ITE001809,ABC001809,C,A,E,
ITE001810,ABC001810,N,L,,G
ITE001811,ABC001811,L,D,A,M
ITE001812,ABC001812,D,M,J,
ITE001813,ABC001813,F,E,M,L
ITE001814,ABC001814,L,F,,H
ITE001815,ABC001815,H,J,,N
ITE001816,ABC001816,C,I,C,
ITE001817,ABC001817,B,F,D,G
ITE001818,ABC001818,A,J,L,I
ITE001819,ABC001819,J,G,G,
ITE001820,ABC001820,E,E,H,J
ITE001821,ABC001821,L,L,J,L
ITE001822,ABC001822,D,M,L,L
ITE001823,ABC001823,H,F,N,I
ITE001824,ABC001824,C,A,F,L
ITE001825,ABC001825,L,J,J,L
ITE001826,ABC001826,I,H,H,H
ITE001827,ABC001827,C,N,I,
ITE001828,ABC001828,M,D,A,I
ITE001829,ABC001829,B,C,F,J
ITE001830,ABC001830,H,G,H,
ITE001831,ABC001831,I,M,H,G
ITE001832,ABC001832,B,G,D,
ITE001833,ABC001833,L,I,N,
ITE001834,ABC001834,D,N,J,
ITE001835,ABC001835,A,D,M,
ITE001836,ABC001836,C,L,A,
ITE001837,ABC001837,I,M,H,J
ITE001838,ABC001838,G,H,L,I
ITE001839,ABC001839,E,J,B,N
ITE001840,ABC001840,N,E,,G
ITE001841,ABC001841,L,N,E,H
ITE001842,ABC001842,M,N,D,
ITE001843,ABC001843,C,B,E,
ITE001844,ABC001844,G,A,D,M
ITE001845,ABC001845,L,J,J,J
ITE001846,ABC001846,F,A,N,N
ITE001847,ABC001847,H,F,,
ITE001848,ABC001848,H,L,J,
ITE001849,ABC001849,L,M,L,I
ITE001850,ABC001850,A,G,F,
ITE001851,ABC001851,E,L,I,
ITE001852,ABC001852,J,N,A,
ITE001853,ABC001853,B,A,D,
ITE001854,ABC001854,N,B,G,J
ITE001855,ABC001855,I,F,M,
ITE001856,ABC001856,E,L,F,J
ITE001857,ABC001857,G,B,L,
ITE001858,ABC001858,A,G,M,I
ITE001859,ABC001859,J,B,G,
ITE001860,ABC001860,G,N,,I
ITE001861,ABC001861,B,A,F,
ITE001862,ABC001862,G,J,L,H
ITE001863,ABC001863,A,J,M,
ITE001864,ABC001864,N,C,D,H
ITE001865,ABC001865,E,C,E,
ITE001866,ABC001866,M,C,L,
ITE001867,ABC001867,L,E,J,I
ITE001868,ABC001868,M,E,F,J
ITE001869,ABC001869,B,D,F,I
ITE001870,ABC001870,M,G,J,G
ITE001871,ABC001871,F,D,J,
ITE001872,ABC001872,E,D,G,J
ITE001873,ABC001873,C,L,E,
ITE001874,ABC001874,I,M,G,I
ITE001875,ABC001875,N,D,G,L
ITE001876,ABC001876,L,C,L,
ITE001877,ABC001877,C,H,I,
ITE001878,ABC001878,B,E,I,I
ITE001879,ABC001879,J,D,A,M
ITE001880,ABC001880,G,D,G,I
ITE001881,ABC001881,M,F,E,M
ITE001882,ABC001882,F,E,C,
ITE001883,ABC001883,D,M,B,
ITE001884,ABC001884,J,E,,
ITE001885,ABC001885,I,A,B,M
ITE001886,ABC001886,L,E,D,
ITE001887,ABC001887,H,J,E,N
ITE001888,ABC001888,N,G,L,
ITE001889,ABC001889,G,L,,
ITE001890,ABC001890,M,L,G,
ITE001891,ABC001891,I,I,E,N
ITE001892,ABC001892,I,M,E,N
ITE001893,ABC001893,H,L,E,G
ITE001894,ABC001894,N,J,M,H
ITE001895,ABC001895,E,E,H,
ITE001896,ABC001896,E,D,A,M
ITE001897,ABC001897,N,E,F,J
ITE001898,ABC001898,M,N,H,N
ITE001899,ABC001899,G,M,J,I
ITE001900,ABC001900,G,C,G,
ITE001901,ABC001901,I,M,H,M
ITE001902,ABC001902,A,H,G,
ITE001903,ABC001903,L,A,L,N
ITE001904,ABC001904,J,J,,H
ITE001905,ABC001905,J,L,L,
ITE001906,ABC001906,D,M,D,H
ITE001907,ABC001907,E,B,A,
ITE001908,ABC001908,E,I,N,G
ITE001909,ABC001909,J,M,L,G
ITE001910,ABC001910,D,F,J,
ITE001911,ABC001911,F,G,I,J
ITE001912,ABC001912,F,F,L,M
ITE001913,ABC001913,L,F,C,
ITE001914,ABC001914,G,L,H,M
ITE001915,ABC001915,C,F,D,H
ITE001916,ABC001916,N,N,H,H
ITE001917,ABC001917,L,L,C,L
ITE001918,ABC001918,E,A,H,J
ITE001919,ABC001919,F,M,G,I
ITE001920,ABC001920,C,E,L,
ITE001921,ABC001921,D,C,G,
ITE001922,ABC001922,J,D,B,N
ITE001923,ABC001923,I,C,I,
ITE001924,ABC001924,N,E,I,L
ITE001925,ABC001925,G,G,N,L
ITE001926,ABC001926,E,L,G,L
ITE001927,ABC001927,A,D,F,I
ITE001928,ABC001928,F,C,A,
ITE001929,ABC001929,I,L,G,
ITE001930,ABC001930,B,M,I,N
ITE001931,ABC001931,N,N,L,
ITE001932,ABC001932,M,H,A,J
ITE001933,ABC001933,A,L,N,J
ITE001934,ABC001934,M,D,M,
ITE001935,ABC001935,A,A,F,
ITE001936,ABC001936,D,L,I,L
ITE001937,ABC001937,N,E,G,H
ITE001938,ABC001938,I,M,C,
ITE001939,ABC001939,M,G,F,
ITE001940,ABC001940,H,H,H,I
ITE001941,ABC001941,D,I,A,H
ITE001942,ABC001942,G,M,L,
ITE001943,ABC001943,M,G,J,
ITE001944,ABC001944,C,B,C,H
ITE001945,ABC001945,F,F,A,
ITE001946,ABC001946,I,H,J,G
ITE001947,ABC001947,A,E,E,H
ITE001948,ABC001948,A,J,B,
ITE001949,ABC001949,H,N,J,L
ITE001950,ABC001950,J,A,E,
ITE001951,ABC001951,I,J,B,
ITE001952,ABC001952,C,L,I,
ITE001953,ABC001953,N,J,N,
ITE001954,ABC001954,I,C,E,L
ITE001955,ABC001955,A,G,,
ITE001956,ABC001956,H,D,J,
ITE001957,ABC001957,N,C,,N
ITE001958,ABC001958,A,D,E,
ITE001959,ABC001959,D,I,E,N
ITE001960,ABC001960,M,N,G,M
ITE001961,ABC001961,G,A,C,
ITE001962,ABC001962,B,G,B,
ITE001963,ABC001963,J,G,N,
ITE001964,ABC001964,F,G,M,J
ITE001965,ABC001965,M,M,D,
ITE001966,ABC001966,F,A,G,
ITE001967,ABC001967,H,I,G,J
ITE001968,ABC001968,C,D,A,M
ITE001969,ABC001969,N,G,C,
ITE001970,ABC001970,L,A,L,L
ITE001971,ABC001971,C,I,,N
ITE001972,ABC001972,J,E,L,I
ITE001973,ABC001973,N,D,F,M
ITE001974,ABC001974,F,B,C,
ITE001975,ABC001975,L,M,F,L
ITE001976,ABC001976,H,H,M,
ITE001977,ABC001977,L,I,L,
ITE001978,ABC001978,E,A,L,M
ITE001979,ABC001979,A,J,A,M
ITE001980,ABC001980,L,M,M,
ITE001981,ABC001981,D,H,,
ITE001982,ABC001982,N,A,,
ITE001983,ABC001983,F,B,L,
ITE001984,ABC001984,J,A,G,I
ITE001985,ABC001985,N,D,,
ITE001986,ABC001986,J,L,B,H
ITE001987,ABC001987,A,B,F,
ITE001988,ABC001988,H,D,C,
ITE001989,ABC001989,I,D,C,
ITE001990,ABC001990,B,D,C,H
ITE001991,ABC001991,M,D,C,L
ITE001992,ABC001992,C,J,B,
ITE001993,ABC001993,F,N,A,L
ITE001994,ABC001994,E,H,L,L
ITE001995,ABC001995,A,C,F,
ITE001996,ABC001996,L,H,A,
ITE001997,ABC001997,I,G,H,
ITE001998,ABC001998,B,M,L,N
ITE001999,ABC001999,D,N,G,G
ITE002000,ABC002000,D,D,A,
ITE002001,ABC002001,D,M,G,
ITE002002,ABC002002,B,I,N,H
ITE002003,ABC002003,I,E,A,G
ITE002004,ABC002004,N,H,J,
ITE002005,ABC002005,L,C,E,J
ITE002006,ABC002006,B,C,H,
ITE002007,ABC002007,M,J,G,G
ITE002008,ABC002008,G,F,F,
ITE002009,ABC002009,N,M,I,
ITE002010,ABC002010,J,B,B,
ITE002011,ABC002011,F,E,L,
ITE002012,ABC002012,N,D,J,
ITE002013,ABC002013,F,L,A,J
ITE002014,ABC002014,F,I,I,
ITE002015,ABC002015,F,D,F,H
ITE002016,ABC002016,H,L,H,I
ITE002017,ABC002017,A,H,B,H
ITE002018,ABC002018,F,I,G,H
ITE002019,ABC002019,F,E,A,
ITE002020,ABC002020,A,L,N,L
ITE002021,ABC002021,A,M,F,
ITE002022,ABC002022,M,J,E,
ITE002023,ABC002023,E,G,E,
ITE002024,ABC002024,D,B,D,
ITE002025,ABC002025,N,H,C,
ITE002026,ABC002026,L,M,M,M
ITE002027,ABC002027,J,G,D,J
ITE002028,ABC002028,J,A,H,N
ITE002029,ABC002029,I,N,L,M
ITE002030,ABC002030,C,N,H,G
ITE002031,ABC002031,L,L,M,J
ITE002032,ABC002032,H,B,L,J
ITE002033,ABC002033,N,M,,
ITE002034,ABC002034,H,N,I,L
ITE002035,ABC002035,G,J,N,L
ITE002036,ABC002036,F,E,H,G
ITE002037,ABC002037,A,G,B,
ITE002038,ABC002038,G,L,H,
ITE002039,ABC002039,C,I,G,H
ITE002040,ABC002040,I,I,H,
ITE002041,ABC002041,M,H,C,G
ITE002042,ABC002042,E,C,B,H
ITE002043,ABC002043,B,G,G,N
ITE002044,ABC002044,B,B,G,
ITE002045,ABC002045,F,E,B,N
ITE002046,ABC002046,D,G,E,
ITE002047,ABC002047,A,D,,L
ITE002048,ABC002048,I,E,L,J
ITE002049,ABC002049,H,G,,M
ITE002050,ABC002050,E,C,L,
ITE002051,ABC002051,F,C,H,
ITE002052,ABC002052,J,H,M,H
ITE002053,ABC002053,A,C,H,I
ITE002054,ABC002054,M,N,B,
ITE002055,ABC002055,D,N,G,
ITE002056,ABC002056,H,E,H,L
ITE002057,ABC002057,H,L,N,N
ITE002058,ABC002058,L,D,H,
ITE002059,ABC002059,L,A,N,
ITE002060,ABC002060,J,L,D,
ITE002061,ABC002061,I,B,N,H
ITE002062,ABC002062,E,B,,N
ITE002063,ABC002063,N,C,H,G
ITE002064,ABC002064,L,N,I,
ITE002065,ABC002065,A,M,A,
ITE002066,ABC002066,F,L,H,H
ITE002067,ABC002067,M,G,A,
ITE002068,ABC002068,M,A,,
ITE002069,ABC002069,C,N,H,I
ITE002070,ABC002070,C,G,G,
ITE002071,ABC002071,D,H,A,
ITE002072,ABC002072,F,H,C,G
ITE002073,ABC002073,F,M,L,
ITE002074,ABC002074,L,B,F,M
ITE002075,ABC002075,B,M,J,
ITE002076,ABC002076,G,M,A,H
ITE002077,ABC002077,B,F,D,N
ITE002078,ABC002078,I,H,,J
ITE002079,ABC002079,D,J,D,
ITE002080,ABC002080,C,L,M,L
ITE002081,ABC002081,I,C,N,
ITE002082,ABC002082,E,N,C,
ITE002083,ABC002083,F,A,,G
ITE002084,ABC002084,I,H,A,
ITE002085,ABC002085,L,B,G,
ITE002086,ABC002086,N,A,G,
ITE002087,ABC002087,J,G,N,H
ITE002088,ABC002088,I,J,M,M
ITE002089,ABC002089,I,I,M,M
ITE002090,ABC002090,H,B,J,M
ITE002091,ABC002091,M,N,B,H
ITE002092,ABC002092,A,N,B,L
ITE002093,ABC002093,I,N,,G
ITE002094,ABC002094,L,D,M,
ITE002095,ABC002095,E,G,J,
ITE002096,ABC002096,L,H,N,J
ITE002097,ABC002097,G,M,G,M
ITE002098,ABC002098,L,L,,G
ITE002099,ABC002099,F,D,L,
ITE002100,ABC002100,C,M,I,
ITE002101,ABC002101,I,J,F,
ITE002102,ABC002102,D,F,G,I
ITE002103,ABC002103,J,H,M,G
ITE002104,ABC002104,G,B,I,I
ITE002105,ABC002105,B,B,B,
ITE002106,ABC002106,J,D,B,
ITE002107,ABC002107,J,M,M,J
ITE002108,ABC002108,G,H,N,M
ITE002109,ABC002109,C,G,H,
ITE002110,ABC002110,I,B,I,
ITE002111,ABC002111,D,J,B,
ITE002112,ABC002112,A,J,H,H
ITE002113,ABC002113,J,M,E,
ITE002114,ABC002114,A,M,E,L
ITE002115,ABC002115,A,C,H,
ITE002116,ABC002116,A,B,I,
ITE002117,ABC002117,J,A,C,G
ITE002118,ABC002118,A,J,G,
ITE002119,ABC002119,N,E,B,M
ITE002120,ABC002120,M,I,D,J
ITE002121,ABC002121,N,M,N,
ITE002122,ABC002122,J,J,H,J
ITE002123,ABC002123,F,L,E,
ITE002124,ABC002124,C,L,,J
ITE002125,ABC002125,B,M,I,H
ITE002126,ABC002126,I,H,F,
ITE002127,ABC002127,G,N,I,
ITE002128,ABC002128,H,J,I,
ITE002129,ABC002129,C,H,G,
ITE002130,ABC002130,J,L,I,M
ITE002131,ABC002131,J,G,A,
ITE002132,ABC002132,G,C,G,I
ITE002133,ABC002133,I,A,F,G
ITE002134,ABC002134,H,M,E,J
ITE002135,ABC002135,M,A,I,
ITE002136,ABC002136,A,M,B,
ITE002137,ABC002137,I,M,M,N
ITE002138,ABC002138,D,C,B,L
ITE002139,ABC002139,B,G,M,
ITE002140,ABC002140,D,B,B,H
ITE002141,ABC002141,B,B,,H
ITE002142,ABC002142,C,E,,
ITE002143,ABC002143,H,D,I,
ITE002144,ABC002144,I,C,E,
ITE002145,ABC002145,N,F,A,G
ITE002146,ABC002146,C,C,M,M
ITE002147,ABC002147,B,G,M,N
ITE002148,ABC002148,D,E,F,
ITE002149,ABC002149,J,A,G,
ITE002150,ABC002150,N,M,H,I
ITE002151,ABC002151,E,G,F,G
ITE002152,ABC002152,J,G,F,
ITE002153,ABC002153,G,C,I,I
ITE002154,ABC002154,E,C,J,L
ITE002155,ABC002155,M,D,C,G
ITE002156,ABC002156,J,H,D,I
ITE002157,ABC002157,D,J,H,L
ITE002158,ABC002158,C,M,,
ITE002159,ABC002159,L,D,H,
ITE002160,ABC002160,H,G,B,
ITE002161,ABC002161,F,L,F,M
ITE002162,ABC002162,I,B,G,
ITE002163,ABC002163,H,H,C,L
ITE002164,ABC002164,G,D,M,
ITE002165,ABC002165,D,E,,
ITE002166,ABC002166,N,L,F,L
ITE002167,ABC002167,I,I,N,J
ITE002168,ABC002168,I,L,I,H
ITE002169,ABC002169,A,E,B,L
ITE002170,ABC002170,G,B,N,L
ITE002171,ABC002171,G,I,N,J
ITE002172,ABC002172,G,E,A,L
ITE002173,ABC002173,C,D,D,
ITE002174,ABC002174,A,I,E,
ITE002175,ABC002175,J,L,D,
ITE002176,ABC002176,I,J,L,
ITE002177,ABC002177,H,J,B,J
ITE002178,ABC002178,B,G,F,
ITE002179,ABC002179,F,H,H,H
ITE002180,ABC002180,M,F,G,H
ITE002181,ABC002181,H,J,D,L
ITE002182,ABC002182,J,E,E,L
ITE002183,ABC002183,J,F,A,H
ITE002184,ABC002184,F,E,B,
ITE002185,ABC002185,E,G,C,
ITE002186,ABC002186,D,L,D,L
ITE002187,ABC002187,M,H,E,
ITE002188,ABC002188,F,J,,
ITE002189,ABC002189,B,B,H,N
ITE002190,ABC002190,B,L,N,G
ITE002191,ABC002191,H,G,M,
ITE002192,ABC002192,I,E,A,
ITE002193,ABC002193,H,N,F,J
ITE002194,ABC002194,J,D,A,
ITE002195,ABC002195,F,B,M,L
ITE002196,ABC002196,E,A,E,
ITE002197,ABC002197,L,C,H,H
ITE002198,ABC002198,B,H,E,
ITE002199,ABC002199,E,M,A,
ITE002200,ABC002200,H,I,J,I
ITE002201,ABC002201,D,G,M,M
ITE002202,ABC002202,F,B,I,
ITE002203,ABC002203,N,E,G,M
ITE002204,ABC002204,L,H,,
ITE002205,ABC002205,G,H,N,
ITE002206,ABC002206,E,E,C,
ITE002207,ABC002207,C,H,,
ITE002208,ABC002208,L,N,H,
ITE002209,ABC002209,F,A,B,
ITE002210,ABC002210,J,F,J,N
ITE002211,ABC002211,J,E,G,
ITE002212,ABC002212,F,A,B,M
ITE002213,ABC002213,G,J,E,M
ITE002214,ABC002214,B,E,A,H
ITE002215,ABC002215,H,I,L,G
ITE002216,ABC002216,H,G,E,
ITE002217,ABC002217,G,I,D,
ITE002218,ABC002218,D,L,H,N
ITE002219,ABC002219,N,E,L,
ITE002220,ABC002220,C,H,,
ITE002221,ABC002221,I,A,M,
ITE002222,ABC002222,N,E,C,H
ITE002223,ABC002223,A,J,N,
ITE002224,ABC002224,E,M,M,
ITE002225,ABC002225,H,H,G,N
ITE002226,ABC002226,I,M,B,
ITE002227,ABC002227,I,D,E,G
ITE002228,ABC002228,H,E,N,M
ITE002229,ABC002229,H,B,C,
ITE002230,ABC002230,E,I,M,J
ITE002231,ABC002231,E,M,M,N
ITE002232,ABC002232,N,D,D,
ITE002233,ABC002233,M,M,J,N
ITE002234,ABC002234,I,C,F,
ITE002235,ABC002235,D,N,G,
ITE002236,ABC002236,G,C,,
ITE002237,ABC002237,M,J,F,
ITE002238,ABC002238,L,B,I,G
ITE002239,ABC002239,N,E,J,
ITE002240,ABC002240,F,B,I,G
ITE002241,ABC002241,A,N,F,
ITE002242,ABC002242,N,H,D,H
ITE002243,ABC002243,N,G,I,N
ITE002244,ABC002244,L,H,,
ITE002245,ABC002245,L,L,E,
ITE002246,ABC002246,M,I,,M
ITE002247,ABC002247,L,A,I,
ITE002248,ABC002248,H,M,I,
ITE002249,ABC002249,E,F,I,
ITE002250,ABC002250,A,F,,
ITE002251,ABC002251,B,H,B,J
ITE002252,ABC002252,A,C,,
ITE002253,ABC002253,J,G,L,
ITE002254,ABC002254,C,D,H,
ITE002255,ABC002255,C,G,N,G
ITE002256,ABC002256,C,E,C,G
ITE002257,ABC002257,J,A,I,I
ITE002258,ABC002258,B,L,H,
ITE002259,ABC002259,I,F,H,I
ITE002260,ABC002260,I,C,I,H
ITE002261,ABC002261,F,E,M,I
ITE002262,ABC002262,B,H,E,
ITE002263,ABC002263,H,A,H,G
ITE002264,ABC002264,N,G,D,
ITE002265,ABC002265,B,L,M,N
ITE002266,ABC002266,E,J,D,I
ITE002267,ABC002267,C,D,B,G
ITE002268,ABC002268,E,M,H,I
ITE002269,ABC002269,J,N,N,
ITE002270,ABC002270,G,N,D,G
ITE002271,ABC002271,J,G,A,
ITE002272,ABC002272,E,D,G,
ITE002273,ABC002273,G,H,N,
ITE002274,ABC002274,I,M,I,
ITE002275,ABC002275,J,N,L,N
ITE002276,ABC002276,G,J,F,G
ITE002277,ABC002277,A,L,A,
ITE002278,ABC002278,L,I,D,N
ITE002279,ABC002279,H,D,N,
ITE002280,ABC002280,C,G,I,J
ITE002281,ABC002281,I,B,D,M
ITE002282,ABC002282,D,J,D,G
ITE002283,ABC002283,A,F,J,J
ITE002284,ABC002284,J,C,E,I
ITE002285,ABC002285,I,N,M,
ITE002286,ABC002286,B,L,H,
ITE002287,ABC002287,J,F,H,
ITE002288,ABC002288,C,M,N,L
ITE002289,ABC002289,L,G,E,
ITE002290,ABC002290,A,I,L,
ITE002291,ABC002291,C,J,F,
ITE002292,ABC002292,C,G,E,L
ITE002293,ABC002293,L,A,C,
ITE002294,ABC002294,D,B,E,
ITE002295,ABC002295,J,M,F,N
ITE002296,ABC002296,I,N,A,
ITE002297,ABC002297,D,G,F,J
ITE002298,ABC002298,C,F,F,J
ITE002299,ABC002299,H,F,,
ITE002300,ABC002300,I,A,N,N
ITE002301,ABC002301,M,E,F,
ITE002302,ABC002302,N,N,G,J
ITE002303,ABC002303,E,E,E,N
ITE002304,ABC002304,N,I,M,G
ITE002305,ABC002305,G,L,J,
ITE002306,ABC002306,F,C,J,
ITE002307,ABC002307,L,N,E,I
ITE002308,ABC002308,I,N,C,
ITE002309,ABC002309,M,G,F,G
ITE002310,ABC002310,M,J,E,J
ITE002311,ABC002311,A,C,F,
ITE002312,ABC002312,A,A,A,
ITE002313,ABC002313,F,N,N,
ITE002314,ABC002314,H,C,I,G
ITE002315,ABC002315,C,C,N,N
ITE002316,ABC002316,N,M,G,
ITE002317,ABC002317,F,D,G,
ITE002318,ABC002318,A,B,,J
ITE002319,ABC002319,G,I,F,H
ITE002320,ABC002320,J,C,,J
ITE002321,ABC002321,N,J,M,H
ITE002322,ABC002322,B,N,M,
ITE002323,ABC002323,D,B,E,N
ITE002324,ABC002324,L,G,B,M
ITE002325,ABC002325,L,G,,I
ITE002326,ABC002326,M,A,G,L
ITE002327,ABC002327,E,A,G,
ITE002328,ABC002328,M,E,D,N
ITE002329,ABC002329,A,J,J,G
ITE002330,ABC002330,N,F,M,L
ITE002331,ABC002331,F,N,M,G
ITE002332,ABC002332,L,A,J,
ITE002333,ABC002333,L,I,J,M
ITE002334,ABC002334,B,D,L,
ITE002335,ABC002335,I,I,D,
ITE002336,ABC002336,J,G,I,I
ITE002337,ABC002337,L,I,J,
ITE002338,ABC002338,M,B,D,M
ITE002339,ABC002339,N,M,C,
ITE002340,ABC002340,L,E,I,
ITE002341,ABC002341,A,N,M,L
ITE002342,ABC002342,N,B,E,G
ITE002343,ABC002343,D,N,I,J
ITE002344,ABC002344,H,N,,
ITE002345,ABC002345,B,G,C,I
ITE002346,ABC002346,N,D,A,
ITE002347,ABC002347,A,G,J,M
ITE002348,ABC002348,L,C,H,
ITE002349,ABC002349,D,H,J,H
ITE002350,ABC002350,M,M,G,H
ITE002351,ABC002351,F,L,N,
ITE002352,ABC002352,I,F,M,
ITE002353,ABC002353,J,I,H,
ITE002354,ABC002354,J,M,C,
ITE002355,ABC002355,C,L,,
ITE002356,ABC002356,D,F,F,
ITE002357,ABC002357,H,F,L,
ITE002358,ABC002358,H,J,N,
ITE002359,ABC002359,N,G,L,N
ITE002360,ABC002360,A,C,H,
ITE002361,ABC002361,H,D,M,N
ITE002362,ABC002362,D,I,A,L
ITE002363,ABC002363,B,D,G,M
ITE002364,ABC002364,G,E,I,
ITE002365,ABC002365,G,G,J,H
ITE002366,ABC002366,B,G,L,M
ITE002367,ABC002367,M,L,H,
ITE002368,ABC002368,N,N,J,N
ITE002369,ABC002369,E,F,B,H
ITE002370,ABC002370,E,M,I,
ITE002371,ABC002371,E,E,I,
ITE002372,ABC002372,N,J,N,H
ITE002373,ABC002373,H,L,J,
ITE002374,ABC002374,F,H,B,
ITE002375,ABC002375,D,E,A,N
ITE002376,ABC002376,E,G,L,
ITE002377,ABC002377,L,L,C,I
ITE002378,ABC002378,C,A,A,L
ITE002379,ABC002379,E,N,M,
ITE002380,ABC002380,I,N,B,
ITE002381,ABC002381,J,C,I,L
ITE002382,ABC002382,L,B,M,
ITE002383,ABC002383,C,C,L,
ITE002384,ABC002384,A,C,J,
ITE002385,ABC002385,A,C,D,
ITE002386,ABC002386,A,A,A,I
ITE002387,ABC002387,C,B,F,
ITE002388,ABC002388,C,G,D,M
ITE002389,ABC002389,F,H,L,
ITE002390,ABC002390,J,L,C,N
ITE002391,ABC002391,L,F,,
ITE002392,ABC002392,F,H,B,
ITE002393,ABC002393,G,F,I,
ITE002394,ABC002394,H,H,H,N
ITE002395,ABC002395,E,B,D,
ITE002396,ABC002396,N,E,B,
ITE002397,ABC002397,L,M,,M
ITE002398,ABC002398,B,I,H,
ITE002399,ABC002399,L,H,E,
ITE002400,ABC002400,G,A,M,
ITE002401,ABC002401,F,A,H,
ITE002402,ABC002402,N,D,A,I
ITE002403,ABC002403,E,C,G,I
ITE002404,ABC002404,H,H,L,
ITE002405,ABC002405,L,J,E,
ITE002406,ABC002406,F,N,N,N
ITE002407,ABC002407,B,E,I,I
ITE002408,ABC002408,C,F,M,L
ITE002409,ABC002409,H,E,I,N
ITE002410,ABC002410,J,M,I,J
ITE002411,ABC002411,B,L,L,
ITE002412,ABC002412,B,F,B,
ITE002413,ABC002413,N,C,G,H
ITE002414,ABC002414,D,A,N,H
ITE002415,ABC002415,L,J,I,G
ITE002416,ABC002416,E,D,,
ITE002417,ABC002417,J,J,F,
ITE002418,ABC002418,G,L,D,L
ITE002419,ABC002419,H,A,H,
ITE002420,ABC002420,J,D,G,
ITE002421,ABC002421,E,A,G,
ITE002422,ABC002422,B,E,I,N
ITE002423,ABC002423,J,C,A,
ITE002424,ABC002424,A,J,D,M
ITE002425,ABC002425,D,H,D,
ITE002426,ABC002426,C,L,F,
ITE002427,ABC002427,J,M,B,J
ITE002428,ABC002428,G,F,C,H
ITE002429,ABC002429,H,M,B,J
ITE002430,ABC002430,C,E,N,
ITE002431,ABC002431,E,L,F,J
ITE002432,ABC002432,N,H,E,H
ITE002433,ABC002433,J,C,H,H
ITE002434,ABC002434,F,H,A,G
ITE002435,ABC002435,F,E,L,L
ITE002436,ABC002436,C,M,I,
ITE002437,ABC002437,J,G,J,J
ITE002438,ABC002438,M,H,B,
ITE002439,ABC002439,I,L,F,
ITE002440,ABC002440,B,M,B,
ITE002441,ABC002441,H,C,C,G
ITE002442,ABC002442,I,H,N,
ITE002443,ABC002443,M,C,J,
ITE002444,ABC002444,F,N,L,
ITE002445,ABC002445,F,F,F,
ITE002446,ABC002446,C,J,E,
ITE002447,ABC002447,C,C,D,
ITE002448,ABC002448,J,I,I,G
ITE002449,ABC002449,H,N,,M
ITE002450,ABC002450,B,I,A,
ITE002451,ABC002451,L,B,A,
ITE002452,ABC002452,F,M,J,G
ITE002453,ABC002453,G,A,B,
ITE002454,ABC002454,L,B,H,
ITE002455,ABC002455,M,G,G,M
ITE002456,ABC002456,E,G,E,
ITE002457,ABC002457,M,F,I,M
ITE002458,ABC002458,J,C,M,H
ITE002459,ABC002459,C,G,A,M
ITE002460,ABC002460,A,B,E,
ITE002461,ABC002461,B,E,N,H
ITE002462,ABC002462,E,I,C,G
ITE002463,ABC002463,A,L,A,
ITE002464,ABC002464,A,M,G,H
ITE002465,ABC002465,D,I,E,
ITE002466,ABC002466,I,G,G,
ITE002467,ABC002467,G,I,N,M
ITE002468,ABC002468,A,F,I,
ITE002469,ABC002469,N,M,E,
ITE002470,ABC002470,C,L,C,
ITE002471,ABC002471,N,B,L,G
ITE002472,ABC002472,E,B,C,H
ITE002473,ABC002473,N,H,M,N
ITE002474,ABC002474,L,I,N,L
ITE002475,ABC002475,C,H,B,
ITE002476,ABC002476,B,L,M,
ITE002477,ABC002477,L,I,L,
ITE002478,ABC002478,A,A,M,J
ITE002479,ABC002479,G,H,J,
ITE002480,ABC002480,C,L,L,
ITE002481,ABC002481,F,I,J,
ITE002482,ABC002482,H,J,H,H
ITE002483,ABC002483,M,D,I,N
ITE002484,ABC002484,M,A,N,
ITE002485,ABC002485,J,F,F,
ITE002486,ABC002486,H,D,,
ITE002487,ABC002487,M,I,F,
ITE002488,ABC002488,L,D,I,I
ITE002489,ABC002489,F,H,A,
ITE002490,ABC002490,G,M,H,N
ITE002491,ABC002491,M,M,J,
ITE002492,ABC002492,D,B,,H
ITE002493,ABC002493,D,M,D,
ITE002494,ABC002494,G,A,L,J
ITE002495,ABC002495,G,N,J,
ITE002496,ABC002496,E,E,M,M
ITE002497,ABC002497,E,I,N,
ITE002498,ABC002498,G,N,,
ITE002499,ABC002499,N,G,D,J
ITE002500,ABC002500,J,N,H,
ITE002501,ABC002501,M,L,I,G
ITE002502,ABC002502,B,B,E,
ITE002503,ABC002503,H,L,G,L
ITE002504,ABC002504,D,J,B,L
ITE002505,ABC002505,I,C,J,G
ITE002506,ABC002506,E,J,C,
ITE002507,ABC002507,L,N,E,
ITE002508,ABC002508,J,L,G,N
ITE002509,ABC002509,J,N,C,N
ITE002510,ABC002510,C,L,H,H
ITE002511,ABC002511,G,A,B,M
ITE002512,ABC002512,D,N,H,
ITE002513,ABC002513,F,M,A,
ITE002514,ABC002514,I,A,L,
ITE002515,ABC002515,L,L,M,N
ITE002516,ABC002516,C,H,E,M
ITE002517,ABC002517,G,B,N,
ITE002518,ABC002518,G,B,I,
ITE002519,ABC002519,A,L,J,
ITE002520,ABC002520,D,C,L,
ITE002521,ABC002521,I,A,A,
ITE002522,ABC002522,B,C,H,M
ITE002523,ABC002523,D,L,I,
ITE002524,ABC002524,G,B,A,H
ITE002525,ABC002525,G,M,M,
ITE002526,ABC002526,L,F,A,
ITE002527,ABC002527,M,H,G,G
ITE002528,ABC002528,M,I,,L
ITE002529,ABC002529,F,M,J,G
ITE002530,ABC002530,J,N,A,
ITE002531,ABC002531,I,H,J,
ITE002532,ABC002532,B,B,N,L
ITE002533,ABC002533,D,I,C,M
ITE002534,ABC002534,D,D,N,H
ITE002535,ABC002535,J,B,H,N
ITE002536,ABC002536,M,I,L,
ITE002537,ABC002537,G,L,M,J
ITE002538,ABC002538,M,J,E,
ITE002539,ABC002539,D,M,I,M
ITE002540,ABC002540,L,A,D,
ITE002541,ABC002541,I,B,C,G
ITE002542,ABC002542,D,D,D,
ITE002543,ABC002543,A,F,M,
ITE002544,ABC002544,E,B,I,
ITE002545,ABC002545,B,E,I,
ITE002546,ABC002546,C,E,D,
ITE002547,ABC002547,J,D,I,
ITE002548,ABC002548,G,H,H,
ITE002549,ABC002549,I,C,,N
ITE002550,ABC002550,L,B,H,
ITE002551,ABC002551,N,G,C,N
ITE002552,ABC002552,D,N,D,J
ITE002553,ABC002553,C,M,G,N
ITE002554,ABC002554,I,E,I,
ITE002555,ABC002555,D,H,H,
ITE002556,ABC002556,N,C,J,J
ITE002557,ABC002557,B,M,H,
ITE002558,ABC002558,I,M,B,
ITE002559,ABC002559,H,M,F,I
ITE002560,ABC002560,M,B,H,J
ITE002561,ABC002561,J,D,G,
ITE002562,ABC002562,D,A,G,
ITE002563,ABC002563,I,J,H,
ITE002564,ABC002564,J,B,B,
ITE002565,ABC002565,E,D,,
ITE002566,ABC002566,I,D,E,
ITE002567,ABC002567,F,D,E,
ITE002568,ABC002568,H,D,B,I
ITE002569,ABC002569,N,F,N,G
ITE002570,ABC002570,E,G,L,
ITE002571,ABC002571,B,A,D,N
ITE002572,ABC002572,A,C,E,
ITE002573,ABC002573,J,H,L,G
ITE002574,ABC002574,H,N,C,H
ITE002575,ABC002575,A,E,A,I
ITE002576,ABC002576,F,L,M,
ITE002577,ABC002577,D,N,D,
ITE002578,ABC002578,I,L,E,H
ITE002579,ABC002579,M,J,D,J
ITE002580,ABC002580,I,F,J,
ITE002581,ABC002581,H,A,M,
ITE002582,ABC002582,A,I,G,H
ITE002583,ABC002583,I,D,D,M
ITE002584,ABC002584,M,J,C,N
ITE002585,ABC002585,J,G,D,
ITE002586,ABC002586,N,N,J,N
ITE002587,ABC002587,C,H,E,
ITE002588,ABC002588,N,G,A,
ITE002589,ABC002589,E,D,,J
ITE002590,ABC002590,D,B,M,
ITE002591,ABC002591,E,D,J,
ITE002592,ABC002592,J,F,C,N
ITE002593,ABC002593,M,D,D,J
ITE002594,ABC002594,C,D,C,
ITE002595,ABC002595,F,D,E,
ITE002596,ABC002596,M,L,N,H
ITE002597,ABC002597,M,F,I,N
ITE002598,ABC002598,L,C,C,H
ITE002599,ABC002599,B,L,D,H
ITE002600,ABC002600,E,L,F,
ITE002601,ABC002601,G,C,E,
ITE002602,ABC002602,F,E,F,H
ITE002603,ABC002603,D,G,B,
ITE002604,ABC002604,A,D,C,M
ITE002605,ABC002605,F,A,M,I
ITE002606,ABC002606,I,B,H,
ITE002607,ABC002607,H,N,D,
ITE002608,ABC002608,D,D,A,
ITE002609,ABC002609,F,G,F,
ITE002610,ABC002610,B,J,F,G
ITE002611,ABC002611,D,H,B,H
ITE002612,ABC002612,I,G,E,
ITE002613,ABC002613,M,B,M,
ITE002614,ABC002614,M,M,M,
ITE002615,ABC002615,I,I,I,J
ITE002616,ABC002616,J,M,B,L
ITE002617,ABC002617,G,J,H,
ITE002618,ABC002618,L,N,B,N
ITE002619,ABC002619,I,A,D,M
ITE002620,ABC002620,I,N,L,H
ITE002621,ABC002621,H,M,,H
ITE002622,ABC002622,J,I,J,I
ITE002623,ABC002623,M,E,D,M
ITE002624,ABC002624,C,I,F,
ITE002625,ABC002625,C,B,L,G
ITE002626,ABC002626,J,G,J,L
ITE002627,ABC002627,C,N,B,
ITE002628,ABC002628,F,L,H,H
ITE002629,ABC002629,A,D,L,
ITE002630,ABC002630,E,F,G,
ITE002631,ABC002631,C,M,I,
ITE002632,ABC002632,F,C,M,G
ITE002633,ABC002633,J,I,I,
ITE002634,ABC002634,E,J,H,G
ITE002635,ABC002635,C,I,I,I
ITE002636,ABC002636,C,C,N,L
ITE002637,ABC002637,F,M,J,J
ITE002638,ABC002638,A,B,A,
ITE002639,ABC002639,C,G,A,H
ITE002640,ABC002640,E,I,L,
ITE002641,ABC002641,G,H,D,
ITE002642,ABC002642,G,B,D,G
ITE002643,ABC002643,M,N,A,
ITE002644,ABC002644,N,M,A,H
ITE002645,ABC002645,F,A,I,G
ITE002646,ABC002646,D,N,M,
ITE002647,ABC002647,B,M,G,L
ITE002648,ABC002648,N,E,G,
ITE002649,ABC002649,F,F,,M
ITE002650,ABC002650,J,H,F,I
ITE002651,ABC002651,M,N,M,I
ITE002652,ABC002652,A,G,F,
ITE002653,ABC002653,L,B,E,J
ITE002654,ABC002654,E,B,J,J
ITE002655,ABC002655,I,N,C,L
ITE002656,ABC002656,I,F,A,
ITE002657,ABC002657,B,J,G,I
ITE002658,ABC002658,C,M,M,G
ITE002659,ABC002659,A,C,L,
ITE002660,ABC002660,L,H,G,
ITE002661,ABC002661,J,N,B,L
ITE002662,ABC002662,F,G,M,M
ITE002663,ABC002663,H,G,M,
ITE002664,ABC002664,L,E,J,M
ITE002665,ABC002665,B,B,,
ITE002666,ABC002666,A,I,J,
ITE002667,ABC002667,C,E,C,J
ITE002668,ABC002668,E,N,,L
ITE002669,ABC002669,B,B,C,N
ITE002670,ABC002670,G,J,,
ITE002671,ABC002671,I,B,L,H
ITE002672,ABC002672,C,D,G,N
ITE002673,ABC002673,F,M,G,I
ITE002674,ABC002674,L,G,J,G
ITE002675,ABC002675,D,B,H,
ITE002676,ABC002676,N,E,B,J
ITE002677,ABC002677,G,B,G,G
ITE002678,ABC002678,G,A,I,N
ITE002679,ABC002679,A,C,F,L
ITE002680,ABC002680,A,C,J,H
ITE002681,ABC002681,N,N,J,
ITE002682,ABC002682,D,J,C,
ITE002683,ABC002683,E,J,I,
ITE002684,ABC002684,C,B,,
ITE002685,ABC002685,D,B,G,
ITE002686,ABC002686,I,A,I,
ITE002687,ABC002687,M,H,,L
ITE002688,ABC002688,D,A,I,
ITE002689,ABC002689,A,I,N,H
ITE002690,ABC002690,A,H,C,
ITE002691,ABC002691,J,N,C,
ITE002692,ABC002692,E,N,I,G
ITE002693,ABC002693,E,B,F,N
ITE002694,ABC002694,N,M,B,M
ITE002695,ABC002695,E,C,L,N
ITE002696,ABC002696,H,E,M,L
ITE002697,ABC002697,C,N,B,
ITE002698,ABC002698,H,B,E,N
ITE002699,ABC002699,H,C,E,
ITE002700,ABC002700,G,B,M,
ITE002701,ABC002701,M,F,D,
ITE002702,ABC002702,B,C,I,
ITE002703,ABC002703,J,I,G,
ITE002704,ABC002704,J,G,G,M
ITE002705,ABC002705,C,E,E,
ITE002706,ABC002706,G,G,H,
ITE002707,ABC002707,H,J,L,L
ITE002708,ABC002708,F,D,H,L
ITE002709,ABC002709,N,I,E,
ITE002710,ABC002710,I,F,L,N
ITE002711,ABC002711,G,J,H,I
ITE002712,ABC002712,B,E,G,N
ITE002713,ABC002713,L,J,F,I
ITE002714,ABC002714,M,D,F,
ITE002715,ABC002715,E,N,,
ITE002716,ABC002716,J,E,J,N
ITE002717,ABC002717,E,I,A,
ITE002718,ABC002718,I,H,H,
ITE002719,ABC002719,J,C,N,M
ITE002720,ABC002720,F,G,C,
ITE002721,ABC002721,J,G,L,M
ITE002722,ABC002722,A,I,M,
ITE002723,ABC002723,D,J,H,
ITE002724,ABC002724,G,J,G,
ITE002725,ABC002725,G,M,E,J
ITE002726,ABC002726,B,J,N,I
ITE002727,ABC002727,F,A,G,
ITE002728,ABC002728,E,F,A,I
ITE002729,ABC002729,N,N,N,G
ITE002730,ABC002730,M,H,C,
ITE002731,ABC002731,L,H,I,
ITE002732,ABC002732,J,J,M,
ITE002733,ABC002733,G,E,I,M
ITE002734,ABC002734,E,H,D,M
ITE002735,ABC002735,B,B,M,L
ITE002736,ABC002736,I,F,B,N
ITE002737,ABC002737,H,F,I,M
ITE002738,ABC002738,B,A,,J
ITE002739,ABC002739,M,N,L,L
ITE002740,ABC002740,L,N,D,H
ITE002741,ABC002741,N,I,H,H
ITE002742,ABC002742,B,N,A,
ITE002743,ABC002743,G,C,B,J
ITE002744,ABC002744,I,F,J,N
ITE002745,ABC002745,E,E,M,I
ITE002746,ABC002746,C,L,H,H
ITE002747,ABC002747,I,I,A,M
ITE002748,ABC002748,I,B,N,
ITE002749,ABC002749,M,B,G,J
ITE002750,ABC002750,J,I,M,
ITE002751,ABC002751,A,A,E,
ITE002752,ABC002752,F,E,A,
ITE002753,ABC002753,C,I,J,M
ITE002754,ABC002754,B,B,J,H
ITE002755,ABC002755,A,N,,
ITE002756,ABC002756,D,B,N,H
ITE002757,ABC002757,M,E,J,
ITE002758,ABC002758,G,M,J,I
ITE002759,ABC002759,F,L,B,G
ITE002760,ABC002760,M,L,D,I
ITE002761,ABC002761,H,C,L,
ITE002762,ABC002762,F,H,M,L
ITE002763,ABC002763,A,M,G,
ITE002764,ABC002764,M,N,G,
ITE002765,ABC002765,C,C,B,M
ITE002766,ABC002766,F,M,E,L
ITE002767,ABC002767,F,C,H,
ITE002768,ABC002768,M,H,E,M
ITE002769,ABC002769,J,A,I,
ITE002770,ABC002770,I,M,H,J
ITE002771,ABC002771,D,L,C,H
ITE002772,ABC002772,L,H,L,J
ITE002773,ABC002773,H,C,L,M
ITE002774,ABC002774,D,A,G,N
ITE002775,ABC002775,H,H,I,I
ITE002776,ABC002776,A,F,A,
ITE002777,ABC002777,N,C,,H
ITE002778,ABC002778,B,E,A,
ITE002779,ABC002779,M,N,J,
ITE002780,ABC002780,F,L,J,L
ITE002781,ABC002781,C,I,I,
ITE002782,ABC002782,A,L,M,
ITE002783,ABC002783,B,N,J,
ITE002784,ABC002784,N,D,N,
ITE002785,ABC002785,M,H,L,
ITE002786,ABC002786,L,F,E,
ITE002787,ABC002787,I,J,L,G
ITE002788,ABC002788,N,B,G,
ITE002789,ABC002789,H,M,,
ITE002790,ABC002790,L,E,H,G
ITE002791,ABC002791,N,J,A,M
ITE002792,ABC002792,C,I,D,J
ITE002793,ABC002793,B,M,C,
ITE002794,ABC002794,G,I,J,
ITE002795,ABC002795,L,N,,
ITE002796,ABC002796,C,B,G,
ITE002797,ABC002797,I,G,L,
ITE002798,ABC002798,B,H,D,I
ITE002799,ABC002799,H,M,D,G
ITE002800,ABC002800,L,I,A,H
ITE002801,ABC002801,E,N,N,G
ITE002802,ABC002802,L,I,G,I
ITE002803,ABC002803,E,J,J,
ITE002804,ABC002804,A,C,D,M
ITE002805,ABC002805,G,L,M,
ITE002806,ABC002806,H,D,G,
ITE002807,ABC002807,C,H,J,
ITE002808,ABC002808,D,A,B,J
ITE002809,ABC002809,D,A,D,L
ITE002810,ABC002810,B,C,F,
ITE002811,ABC002811,E,H,M,G
ITE002812,ABC002812,L,A,I,
ITE002813,ABC002813,H,A,A,
ITE002814,ABC002814,E,A,J,L
ITE002815,ABC002815,G,A,H,I
ITE002816,ABC002816,C,G,F,
ITE002817,ABC002817,C,H,G,G
ITE002818,ABC002818,M,E,G,
ITE002819,ABC002819,A,N,H,
ITE002820,ABC002820,N,M,G,N
ITE002821,ABC002821,L,F,M,
ITE002822,ABC002822,M,H,E,
ITE002823,ABC002823,I,M,B,
ITE002824,ABC002824,A,E,M,
ITE002825,ABC002825,I,J,M,M
ITE002826,ABC002826,N,L,M,
